CustomerID,CustomerName,Segment,Industry,Region,Branch,CreditLimit,Status
1,Customer_1,SMB,Manufacturing,East,Branch_2,50000,Active
2,Customer_2,SMB,Finance,North,Branch_9,50000,Active
3,Customer_3,VIP,Finance,West,Branch_5,50000,Active
4,Customer_4,SMB,Retail,East,Branch_6,50000,Active
5,Customer_5,VIP,Manufacturing,East,Branch_5,50000,Active
6,Customer_6,Startup,IT,West,Branch_10,200000,Active
7,Customer_7,SMB,Finance,North,Branch_5,50000,Active
8,Customer_8,Startup,Retail,West,Branch_3,200000,Active
9,Customer_9,Enterprise,Healthcare,East,Branch_10,100000,Active
10,Customer_10,Startup,Finance,South,Branch_9,100000,Active
11,Customer_11,Enterprise,Healthcare,North,Branch_6,500000,Active
12,Customer_12,Government,Healthcare,East,Branch_7,500000,Active
13,Customer_13,VIP,Retail,South,Branch_5,500000,Active
14,Customer_14,SMB,Finance,South,Branch_9,500000,Active
15,Customer_15,SMB,Manufacturing,North,Branch_7,50000,Active
16,Customer_16,VIP,IT,West,Branch_1,50000,Active
17,Customer_17,Government,Finance,East,Branch_3,500000,Active
18,Customer_18,SMB,Manufacturing,East,Branch_9,50000,Active
19,Customer_19,SMB,Healthcare,South,Branch_9,50000,Active
20,Customer_20,Startup,Finance,North,Branch_5,100000,Active
21,Customer_21,Government,Manufacturing,North,Branch_2,100000,Active
22,Customer_22,VIP,Retail,South,Branch_7,100000,Active
23,Customer_23,Government,Finance,South,Branch_6,500000,Active
24,Customer_24,Startup,Finance,South,Branch_1,100000,Active
25,Customer_25,Enterprise,Finance,North,Branch_4,50000,Active
26,Customer_26,Startup,Manufacturing,North,Branch_8,100000,Active
27,Customer_27,Government,Finance,West,Branch_7,100000,Active
28,Customer_28,Government,Manufacturing,West,Branch_8,50000,Active
29,Customer_29,Enterprise,Manufacturing,East,Branch_4,100000,Active
30,Customer_30,Startup,Retail,South,Branch_8,100000,Active
31,Customer_31,VIP,Manufacturing,North,Branch_1,50000,Active
32,Customer_32,Government,Retail,West,Branch_1,100000,Active
33,Customer_33,Government,NA,West,Branch_5,500000,Active
34,Customer_34,Startup,Finance,West,Branch_4,50000,Active
35,Customer_35,Enterprise,Finance,North,Branch_1,500000,Active
36,Customer_36,VIP,Finance,South,Branch_2,100000,Active
37,Customer_37,VIP,Manufacturing,South,Branch_4,50000,Active
38,Customer_38,SMB,Finance,East,Branch_6,100000,Active
39,Customer_39,Enterprise,Healthcare,East,Branch_1,500000,Active
40,Customer_40,SMB,Finance,North,Branch_9,200000,Active
41,Customer_41,Startup,Retail,North,Branch_5,100000,Active
42,Customer_42,VIP,IT,East,Branch_1,200000,Active
43,Customer_43,Enterprise,Manufacturing,South,Branch_9,100000,Active
44,Customer_44,SMB,Healthcare,South,Branch_5,500000,Active
45,Customer_45,Government,Healthcare,North,Branch_5,50000,Active
46,Customer_46,Startup,Manufacturing,South,Branch_3,500000,Active
47,Customer_47,SMB,Finance,North,Branch_9,50000,Active
48,Customer_48,Enterprise,Healthcare,South,Branch_5,200000,Active
49,Customer_49,Enterprise,Manufacturing,South,Branch_6,500000,Active
50,Customer_50,SMB,Finance,South,Branch_7,50000,Active
51,Customer_51,Government,Retail,East,Branch_4,200000,Active
52,Customer_52,Enterprise,Retail,North,Branch_8,100000,Active
53,Customer_53,SMB,Retail,West,Branch_4,50000,Active
54,Customer_54,Startup,Retail,East,Branch_6,500000,Active
55,Customer_55,Startup,Finance,North,Branch_3,200000,Active
56,Customer_56,Startup,Manufacturing,West,Branch_7,50000,Active
57,Customer_57,Government,IT,South,Branch_1,100000,Active
58,Customer_58,Enterprise,Healthcare,East,Branch_5,200000,Active
59,Customer_59,SMB,IT,East,Branch_7,500000,Active
60,Customer_60,Enterprise,Retail,East,Branch_5,200000,Active
61,Customer_61,Government,Retail,East,Branch_4,500000,Active
62,Customer_62,VIP,Retail,East,Branch_6,50000,Active
63,Customer_63,SMB,Retail,South,Branch_1,50000,Active
64,Customer_64,VIP,Retail,North,Branch_4,500000,Active
65,Customer_65,Enterprise,IT,South,Branch_2,500000,Active
66,Customer_66,SMB,Retail,West,Branch_2,500000,Active
67,Customer_67,Government,Retail,East,Branch_10,500000,Active
68,Customer_68,Government,Finance,South,Branch_8,200000,Active
69,Customer_69,VIP,Retail,East,Branch_8,100000,Active
70,Customer_70,Startup,Healthcare,East,Branch_6,50000,Active
71,Customer_71,SMB,Retail,West,Branch_2,500000,Active
72,Customer_72,SMB,IT,West,Branch_7,500000,Active
73,Customer_73,VIP,Finance,North,Branch_7,500000,Active
74,Customer_74,Government,Manufacturing,East,Branch_9,100000,Active
75,Customer_75,Government,IT,West,Branch_6,500000,Active
76,Customer_76,VIP,Retail,South,Branch_1,500000,Active
77,Customer_77,Government,Finance,North,Branch_3,500000,Active
78,Customer_78,Government,Retail,West,Branch_6,200000,Active
79,Customer_79,Enterprise,IT,West,Branch_8,50000,Active
80,Customer_80,Enterprise,Finance,East,Branch_1,50000,Active
81,Customer_81,SMB,Retail,North,Branch_3,500000,Active
82,Customer_82,Startup,Manufacturing,South,Branch_6,100000,Active
83,Customer_83,SMB,Finance,North,Branch_5,50000,Active
84,Customer_84,Government,Finance,East,Branch_7,100000,Active
85,Customer_85,Startup,Manufacturing,South,Branch_10,50000,Active
86,Customer_86,Startup,Finance,East,Branch_2,200000,Active
87,Customer_87,Startup,Manufacturing,West,Branch_8,100000,Active
88,Customer_88,VIP,IT,East,Branch_8,500000,Active
89,Customer_89,SMB,IT,East,Branch_2,200000,Active
90,Customer_90,Government,IT,West,Branch_6,50000,Active
91,Customer_91,Startup,IT,South,Branch_5,200000,Active
92,Customer_92,VIP,Healthcare,East,Branch_4,50000,Active
93,Customer_93,SMB,Retail,West,Branch_8,500000,Active
94,Customer_94,Government,IT,North,Branch_4,200000,Active
95,Customer_95,VIP,Finance,East,Branch_6,200000,Active
96,Customer_96,SMB,IT,East,Branch_6,50000,Active
97,Customer_97,Government,Finance,South,Branch_5,200000,Active
98,Customer_98,SMB,Manufacturing,East,Branch_5,50000,Active
99,Customer_99,VIP,Finance,North,Branch_5,100000,Active
100,Customer_100,Government,IT,North,Branch_8,500000,Active
101,Customer_101,Government,Healthcare,North,Branch_2,50000,Active
102,Customer_102,VIP,IT,North,Branch_5,50000,Active
103,Customer_103,VIP,Retail,West,Branch_4,500000,Active
104,Customer_104,Government,IT,East,Branch_5,50000,Active
105,Customer_105,SMB,Finance,North,Branch_4,200000,Active
106,Customer_106,SMB,Manufacturing,South,Branch_1,500000,Active
107,Customer_107,SMB,IT,West,Branch_5,200000,Active
108,Customer_108,VIP,IT,South,Branch_4,500000,Active
109,Customer_109,SMB,Manufacturing,South,Branch_2,50000,Active
110,Customer_110,Government,Retail,East,Branch_5,500000,Active
111,Customer_111,VIP,Healthcare,West,Branch_1,500000,Active
112,Customer_112,VIP,Healthcare,North,Branch_10,50000,Active
113,Customer_113,Government,Healthcare,South,Branch_5,100000,Active
114,Customer_114,Government,Finance,West,Branch_6,500000,Active
115,Customer_115,Startup,Healthcare,North,Branch_7,500000,Active
116,Customer_116,VIP,Healthcare,West,Branch_1,500000,Active
117,Customer_117,Government,Manufacturing,East,Branch_9,50000,Active
118,Customer_118,Startup,Finance,North,Branch_10,500000,Active
119,Customer_119,SMB,IT,South,Branch_5,500000,Active
120,Customer_120,Startup,IT,South,Branch_9,50000,Active
121,Customer_121,Enterprise,Finance,South,Branch_8,50000,Active
122,Customer_122,Startup,Retail,East,Branch_7,500000,Active
123,Customer_123,VIP,IT,South,Branch_9,100000,Active
124,Customer_124,VIP,Manufacturing,West,Branch_5,50000,Active
125,Customer_125,Government,Healthcare,West,Branch_9,500000,Active
126,Customer_126,Startup,Healthcare,West,Branch_4,100000,Active
127,Customer_127,Government,Finance,West,Branch_7,500000,Active
128,Customer_128,VIP,Retail,North,Branch_6,50000,Active
129,Customer_129,SMB,IT,West,Branch_7,100000,Active
130,Customer_130,Government,Manufacturing,East,Branch_2,200000,Active
131,Customer_131,Government,Finance,East,Branch_9,50000,Active
132,Customer_132,Enterprise,Finance,East,Branch_7,50000,Active
133,Customer_133,Enterprise,Manufacturing,East,Branch_6,50000,Active
134,Customer_134,VIP,Healthcare,West,Branch_7,100000,Active
135,Customer_135,SMB,Retail,West,Branch_8,100000,Active
136,Customer_136,Enterprise,Retail,East,Branch_8,200000,Active
137,Customer_137,VIP,Finance,West,Branch_5,500000,Active
138,Customer_138,Government,Healthcare,East,Branch_8,50000,Active
139,Customer_139,Startup,Retail,East,Branch_1,500000,Active
140,Customer_140,Government,NA,North,Branch_5,100000,Active
141,Customer_141,VIP,Finance,South,Branch_5,100000,Active
142,Customer_142,Government,Manufacturing,North,Branch_1,200000,Active
143,Customer_143,Government,Retail,East,Branch_3,100000,Active
144,Customer_144,Startup,Retail,East,Branch_3,200000,Active
145,Customer_145,Startup,IT,East,Branch_2,500000,Active
146,Customer_146,Government,Manufacturing,South,Branch_9,200000,Active
147,Customer_147,Enterprise,Manufacturing,North,Branch_8,200000,Active
148,Customer_148,SMB,Healthcare,East,Branch_8,50000,Active
149,Customer_149,SMB,Finance,East,Branch_2,500000,Active
150,Customer_150,Enterprise,Healthcare,North,Branch_5,500000,Active
151,Customer_151,Startup,Manufacturing,South,Branch_9,500000,Active
152,Customer_152,Enterprise,Finance,South,Branch_8,500000,Active
153,Customer_153,Government,Healthcare,East,Branch_4,200000,Active
154,Customer_154,Startup,Manufacturing,East,Branch_1,500000,Active
155,Customer_155,Government,Healthcare,North,Branch_2,100000,Active
156,Customer_156,SMB,Finance,North,Branch_3,100000,Active
157,Customer_157,SMB,Manufacturing,South,Branch_6,100000,Active
158,Customer_158,VIP,NA,South,Branch_5,100000,Active
159,Customer_159,Startup,Manufacturing,North,Branch_4,200000,Active
160,Customer_160,Government,Manufacturing,North,Branch_9,50000,Active
161,Customer_161,Enterprise,Manufacturing,East,Branch_8,100000,Active
162,Customer_162,Enterprise,Finance,East,Branch_1,500000,Active
163,Customer_163,Government,IT,North,Branch_2,50000,Active
164,Customer_164,VIP,Healthcare,North,Branch_10,200000,Active
165,Customer_165,VIP,IT,East,Branch_7,50000,Active
166,Customer_166,SMB,Manufacturing,South,Branch_7,200000,Active
167,Customer_167,Startup,IT,North,Branch_5,200000,Active
168,Customer_168,Enterprise,Retail,West,Branch_2,500000,Active
169,Customer_169,VIP,Manufacturing,East,Branch_1,200000,Active
170,Customer_170,Enterprise,Manufacturing,West,Branch_5,200000,Active
171,Customer_171,Government,Healthcare,South,Branch_4,50000,Active
172,Customer_172,Startup,Healthcare,East,Branch_10,100000,Active
173,Customer_173,Startup,IT,North,Branch_1,100000,Active
174,Customer_174,Startup,Healthcare,East,Branch_1,100000,Active
175,Customer_175,Enterprise,Retail,West,Branch_2,100000,Active
176,Customer_176,Startup,IT,East,Branch_6,50000,Active
177,Customer_177,Startup,Manufacturing,North,Branch_8,500000,Active
178,Customer_178,VIP,IT,West,Branch_2,200000,Active
179,Customer_179,Startup,IT,West,Branch_1,100000,Active
180,Customer_180,Startup,IT,West,Branch_4,100000,Active
181,Customer_181,Government,Healthcare,West,Branch_3,100000,Active
182,Customer_182,Startup,IT,South,Branch_2,500000,Active
183,Customer_183,Startup,Manufacturing,West,Branch_10,500000,Active
184,Customer_184,Government,Finance,West,Branch_1,200000,Active
185,Customer_185,Startup,Retail,West,Branch_2,500000,Active
186,Customer_186,Government,Manufacturing,West,Branch_5,200000,Active
187,Customer_187,Enterprise,Retail,South,Branch_9,100000,Active
188,Customer_188,SMB,Healthcare,South,Branch_5,100000,Active
189,Customer_189,Government,Retail,North,Branch_8,500000,Active
190,Customer_190,Startup,Finance,East,Branch_3,500000,Active
191,Customer_191,VIP,Manufacturing,East,Branch_1,200000,Active
192,Customer_192,Enterprise,Finance,West,Branch_6,200000,Active
193,Customer_193,VIP,Manufacturing,North,Branch_7,500000,Active
194,Customer_194,VIP,Finance,North,Branch_4,200000,Active
195,Customer_195,Government,Finance,South,Branch_2,200000,Active
196,Customer_196,Government,Manufacturing,South,Branch_8,100000,Active
197,Customer_197,Startup,Healthcare,East,Branch_10,50000,Active
198,Customer_198,Government,Healthcare,North,Branch_5,200000,Active
199,Customer_199,SMB,Finance,East,Branch_6,200000,Active
200,Customer_200,Government,IT,North,Branch_6,100000,Active
201,Customer_201,Enterprise,Finance,West,Branch_6,200000,Active
202,Customer_202,Government,Retail,East,Branch_4,100000,Active
203,Customer_203,Enterprise,Retail,East,Branch_9,50000,Active
204,Customer_204,SMB,Healthcare,South,Branch_3,100000,Active
205,Customer_205,Enterprise,Finance,South,Branch_7,200000,Active
206,Customer_206,Government,Retail,East,Branch_4,100000,Active
207,Customer_207,SMB,Healthcare,West,Branch_6,500000,Active
208,Customer_208,Government,IT,West,Branch_3,100000,Active
209,Customer_209,Government,Finance,East,Branch_6,50000,Active
210,Customer_210,SMB,Finance,East,Branch_5,500000,Active
211,Customer_211,SMB,Finance,West,Branch_8,200000,Active
212,Customer_212,SMB,Manufacturing,West,Branch_7,50000,Active
213,Customer_213,Startup,Healthcare,East,Branch_3,100000,Active
214,Customer_214,SMB,Manufacturing,West,Branch_8,500000,Active
215,Customer_215,SMB,NA,North,Branch_3,500000,Active
216,Customer_216,Enterprise,Manufacturing,South,Branch_4,500000,Active
217,Customer_217,Government,Finance,North,Branch_10,50000,Active
218,Customer_218,Enterprise,Finance,South,Branch_10,200000,Active
219,Customer_219,Enterprise,Retail,South,Branch_9,200000,Active
220,Customer_220,Government,Manufacturing,North,Branch_1,500000,Active
221,Customer_221,Enterprise,Healthcare,North,Branch_6,100000,Active
222,Customer_222,Startup,Manufacturing,East,Branch_9,200000,Active
223,Customer_223,Government,Retail,West,Branch_3,100000,Active
224,Customer_224,SMB,Manufacturing,West,Branch_1,100000,Active
225,Customer_225,VIP,Manufacturing,East,Branch_8,200000,Active
226,Customer_226,Enterprise,Manufacturing,South,Branch_6,200000,Active
227,Customer_227,Government,Manufacturing,West,Branch_7,200000,Active
228,Customer_228,VIP,Retail,West,Branch_5,50000,Active
229,Customer_229,Startup,IT,South,Branch_2,50000,Active
230,Customer_230,Government,Healthcare,East,Branch_3,500000,Active
231,Customer_231,Government,Healthcare,East,Branch_5,50000,Active
232,Customer_232,SMB,Manufacturing,West,Branch_1,100000,Active
233,Customer_233,Enterprise,Finance,West,Branch_4,200000,Active
234,Customer_234,Government,Healthcare,North,Branch_6,200000,Active
235,Customer_235,Government,IT,South,Branch_6,200000,Active
236,Customer_236,Government,Retail,North,Branch_9,500000,Active
237,Customer_237,SMB,Finance,East,Branch_10,200000,Active
238,Customer_238,Government,IT,South,Branch_3,500000,Active
239,Customer_239,Enterprise,Manufacturing,East,Branch_9,200000,Active
240,Customer_240,VIP,Healthcare,South,Branch_4,50000,Active
241,Customer_241,Enterprise,Retail,South,Branch_6,200000,Active
242,Customer_242,Enterprise,IT,South,Branch_2,200000,Active
243,Customer_243,Government,IT,West,Branch_10,50000,Active
244,Customer_244,VIP,Retail,North,Branch_6,100000,Active
245,Customer_245,SMB,Finance,South,Branch_7,50000,Active
246,Customer_246,Startup,Manufacturing,East,Branch_4,200000,Active
247,Customer_247,VIP,Finance,North,Branch_5,100000,Active
248,Customer_248,SMB,Healthcare,North,Branch_10,100000,Active
249,Customer_249,VIP,Retail,East,Branch_1,50000,Active
250,Customer_250,VIP,Manufacturing,East,Branch_7,50000,Active
251,Customer_251,Startup,IT,East,Branch_8,100000,Active
252,Customer_252,SMB,IT,North,Branch_8,500000,Active
253,Customer_253,Startup,IT,East,Branch_6,200000,Active
254,Customer_254,Enterprise,IT,East,Branch_6,100000,Active
255,Customer_255,Enterprise,IT,West,Branch_1,200000,Active
256,Customer_256,SMB,IT,West,Branch_6,200000,Active
257,Customer_257,Government,Retail,West,Branch_8,200000,Active
258,Customer_258,SMB,IT,West,Branch_4,200000,Active
259,Customer_259,Government,Manufacturing,West,Branch_5,50000,Active
260,Customer_260,Government,Manufacturing,East,Branch_6,50000,Active
261,Customer_261,Startup,IT,South,Branch_2,500000,Active
262,Customer_262,VIP,Finance,East,Branch_10,50000,Active
263,Customer_263,Startup,Retail,West,Branch_9,200000,Active
264,Customer_264,Enterprise,Retail,West,Branch_1,100000,Active
265,Customer_265,VIP,Healthcare,West,Branch_3,200000,Active
266,Customer_266,Startup,Finance,West,Branch_10,200000,Active
267,Customer_267,Startup,Finance,West,Branch_8,50000,Active
268,Customer_268,VIP,Healthcare,North,Branch_5,50000,Active
269,Customer_269,VIP,Finance,South,Branch_8,100000,Active
270,Customer_270,SMB,Finance,West,Branch_1,50000,Active
271,Customer_271,Government,NA,East,Branch_4,500000,Active
272,Customer_272,Enterprise,Finance,West,Branch_3,100000,Active
273,Customer_273,Startup,Finance,West,Branch_3,500000,Active
274,Customer_274,Startup,Finance,East,Branch_10,500000,Active
275,Customer_275,SMB,Retail,East,Branch_5,200000,Active
276,Customer_276,Startup,Retail,West,Branch_9,200000,Active
277,Customer_277,Government,Healthcare,West,Branch_6,100000,Active
278,Customer_278,Government,Healthcare,North,Branch_5,500000,Active
279,Customer_279,Startup,Retail,East,Branch_3,50000,Active
280,Customer_280,VIP,Finance,South,Branch_4,100000,Active
281,Customer_281,Enterprise,Manufacturing,East,Branch_3,50000,Active
282,Customer_282,Government,Finance,South,Branch_8,100000,Active
283,Customer_283,Enterprise,Healthcare,North,Branch_10,100000,Active
284,Customer_284,SMB,Finance,North,Branch_7,100000,Active
285,Customer_285,SMB,Manufacturing,West,Branch_5,50000,Active
286,Customer_286,Startup,Manufacturing,North,Branch_5,500000,Active
287,Customer_287,Government,Finance,South,Branch_5,100000,Active
288,Customer_288,SMB,Manufacturing,West,Branch_1,200000,Active
289,Customer_289,Government,Healthcare,South,Branch_7,200000,Active
290,Customer_290,SMB,Manufacturing,North,Branch_8,200000,Active
291,Customer_291,Startup,NA,West,Branch_6,200000,Active
292,Customer_292,Startup,Finance,North,Branch_4,50000,Active
293,Customer_293,VIP,Manufacturing,South,Branch_5,50000,Active
294,Customer_294,SMB,Healthcare,South,Branch_8,100000,Active
295,Customer_295,VIP,IT,East,Branch_8,100000,Active
296,Customer_296,VIP,Retail,North,Branch_6,50000,Active
297,Customer_297,SMB,Finance,South,Branch_3,200000,Active
298,Customer_298,Government,Finance,South,Branch_2,500000,Active
299,Customer_299,Enterprise,Manufacturing,West,Branch_9,500000,Active
300,Customer_300,Enterprise,Healthcare,West,Branch_4,50000,Active
301,Customer_301,Enterprise,Manufacturing,North,Branch_2,500000,Active
302,Customer_302,Government,Manufacturing,South,Branch_6,500000,Active
303,Customer_303,VIP,IT,West,Branch_3,200000,Active
304,Customer_304,SMB,Manufacturing,West,Branch_1,50000,Active
305,Customer_305,SMB,Healthcare,West,Branch_4,500000,Active
306,Customer_306,Enterprise,Healthcare,South,Branch_1,500000,Active
307,Customer_307,Enterprise,Finance,North,Branch_2,50000,Active
308,Customer_308,Enterprise,IT,North,Branch_7,500000,Active
309,Customer_309,Startup,Retail,North,Branch_4,200000,Active
310,Customer_310,SMB,Finance,East,Branch_9,100000,Active
311,Customer_311,VIP,IT,North,Branch_3,500000,Active
312,Customer_312,Government,Finance,East,Branch_9,200000,Active
313,Customer_313,VIP,IT,East,Branch_8,100000,Active
314,Customer_314,Enterprise,Retail,South,Branch_9,500000,Active
315,Customer_315,Startup,IT,South,Branch_4,200000,Active
316,Customer_316,SMB,Manufacturing,East,Branch_1,200000,Active
317,Customer_317,SMB,IT,North,Branch_10,100000,Active
318,Customer_318,Enterprise,IT,East,Branch_4,100000,Active
319,Customer_319,VIP,Manufacturing,West,Branch_4,500000,Active
320,Customer_320,VIP,Retail,East,Branch_6,200000,Active
321,Customer_321,Government,Healthcare,West,Branch_6,100000,Active
322,Customer_322,SMB,Healthcare,North,Branch_3,50000,Active
323,Customer_323,SMB,Healthcare,West,Branch_6,100000,Active
324,Customer_324,Startup,IT,South,Branch_5,500000,Active
325,Customer_325,VIP,IT,East,Branch_8,100000,Active
326,Customer_326,Enterprise,Finance,North,Branch_1,50000,Active
327,Customer_327,SMB,IT,South,Branch_1,100000,Active
328,Customer_328,VIP,Finance,North,Branch_8,500000,Active
329,Customer_329,VIP,NA,West,Branch_5,200000,Active
330,Customer_330,SMB,Manufacturing,West,Branch_2,50000,Active
331,Customer_331,Startup,Finance,South,Branch_6,200000,Active
332,Customer_332,SMB,IT,West,Branch_4,200000,Active
333,Customer_333,Government,Manufacturing,North,Branch_7,500000,Active
334,Customer_334,Government,Manufacturing,South,Branch_6,50000,Active
335,Customer_335,VIP,Finance,South,Branch_8,200000,Active
336,Customer_336,VIP,Manufacturing,East,Branch_1,100000,Active
337,Customer_337,Government,NA,South,Branch_2,200000,Active
338,Customer_338,VIP,Retail,West,Branch_6,500000,Active
339,Customer_339,Startup,Retail,North,Branch_1,50000,Active
340,Customer_340,VIP,IT,North,Branch_10,500000,Active
341,Customer_341,Government,Healthcare,East,Branch_8,100000,Active
342,Customer_342,VIP,Healthcare,West,Branch_7,50000,Active
343,Customer_343,Enterprise,Finance,South,Branch_5,100000,Active
344,Customer_344,Startup,IT,South,Branch_6,50000,Active
345,Customer_345,Startup,NA,East,Branch_2,100000,Active
346,Customer_346,VIP,Manufacturing,West,Branch_7,50000,Active
347,Customer_347,Startup,Manufacturing,North,Branch_7,50000,Active
348,Customer_348,VIP,Healthcare,North,Branch_4,100000,Active
349,Customer_349,Government,IT,East,Branch_3,50000,Active
350,Customer_350,Enterprise,Retail,West,Branch_6,200000,Active
351,Customer_351,SMB,Retail,West,Branch_8,50000,Active
352,Customer_352,VIP,Retail,West,Branch_7,200000,Active
353,Customer_353,VIP,IT,South,Branch_4,500000,Active
354,Customer_354,Startup,Healthcare,West,Branch_8,100000,Active
355,Customer_355,VIP,Healthcare,West,Branch_4,100000,Active
356,Customer_356,SMB,Finance,West,Branch_8,200000,Active
357,Customer_357,SMB,Manufacturing,West,Branch_5,100000,Active
358,Customer_358,Enterprise,Healthcare,West,Branch_8,500000,Active
359,Customer_359,Startup,Finance,West,Branch_9,50000,Active
360,Customer_360,VIP,Manufacturing,East,Branch_1,500000,Active
361,Customer_361,Enterprise,Healthcare,West,Branch_5,100000,Active
362,Customer_362,Government,Finance,South,Branch_8,100000,Active
363,Customer_363,Government,Healthcare,West,Branch_2,50000,Active
364,Customer_364,SMB,Retail,East,Branch_9,500000,Active
365,Customer_365,Government,Healthcare,West,Branch_6,50000,Active
366,Customer_366,Startup,Healthcare,North,Branch_2,100000,Active
367,Customer_367,Government,Retail,South,Branch_8,100000,Active
368,Customer_368,Government,IT,South,Branch_7,50000,Active
369,Customer_369,Government,Finance,West,Branch_1,100000,Active
370,Customer_370,VIP,Retail,North,Branch_3,200000,Active
371,Customer_371,Government,Healthcare,North,Branch_9,200000,Active
372,Customer_372,Startup,Finance,West,Branch_6,500000,Active
373,Customer_373,VIP,Finance,East,Branch_2,100000,Active
374,Customer_374,Startup,Healthcare,East,Branch_3,500000,Active
375,Customer_375,Government,IT,West,Branch_9,100000,Active
376,Customer_376,Startup,Finance,East,Branch_8,50000,Active
377,Customer_377,Government,Healthcare,West,Branch_9,500000,Active
378,Customer_378,Government,IT,West,Branch_8,100000,Active
379,Customer_379,Startup,Manufacturing,South,Branch_4,200000,Active
380,Customer_380,Enterprise,Retail,West,Branch_10,50000,Active
381,Customer_381,Enterprise,Healthcare,East,Branch_8,100000,Active
382,Customer_382,Enterprise,IT,South,Branch_8,200000,Active
383,Customer_383,Enterprise,Healthcare,North,Branch_4,100000,Active
384,Customer_384,SMB,Finance,West,Branch_4,100000,Active
385,Customer_385,SMB,Manufacturing,East,Branch_6,200000,Active
386,Customer_386,Government,Healthcare,North,Branch_1,200000,Active
387,Customer_387,Startup,Retail,South,Branch_4,500000,Active
388,Customer_388,Government,IT,East,Branch_8,50000,Active
389,Customer_389,Startup,Manufacturing,East,Branch_8,500000,Active
390,Customer_390,Government,Healthcare,North,Branch_6,50000,Active
391,Customer_391,Government,Finance,West,Branch_5,200000,Active
392,Customer_392,Government,Healthcare,South,Branch_6,50000,Active
393,Customer_393,SMB,Manufacturing,West,Branch_8,500000,Active
394,Customer_394,SMB,Manufacturing,West,Branch_5,100000,Active
395,Customer_395,Startup,Healthcare,East,Branch_3,50000,Active
396,Customer_396,Enterprise,IT,South,Branch_2,50000,Active
397,Customer_397,VIP,Retail,South,Branch_8,50000,Active
398,Customer_398,Government,Manufacturing,North,Branch_3,500000,Active
399,Customer_399,Enterprise,Manufacturing,North,Branch_2,200000,Active
400,Customer_400,SMB,Healthcare,South,Branch_3,50000,Active
401,Customer_401,SMB,Finance,South,Branch_3,500000,Active
402,Customer_402,Enterprise,Finance,South,Branch_3,50000,Active
403,Customer_403,Startup,Finance,East,Branch_3,100000,Active
404,Customer_404,VIP,Healthcare,South,Branch_10,200000,Active
405,Customer_405,VIP,Manufacturing,East,Branch_9,100000,Active
406,Customer_406,SMB,IT,North,Branch_8,500000,Active
407,Customer_407,Enterprise,Manufacturing,North,Branch_6,200000,Active
408,Customer_408,SMB,Retail,West,Branch_8,50000,Active
409,Customer_409,Enterprise,Manufacturing,North,Branch_1,500000,Active
410,Customer_410,Government,Finance,West,Branch_2,100000,Active
411,Customer_411,SMB,Healthcare,North,Branch_3,200000,Active
412,Customer_412,Government,IT,North,Branch_4,50000,Active
413,Customer_413,VIP,Retail,West,Branch_10,50000,Active
414,Customer_414,SMB,Healthcare,South,Branch_1,100000,Active
415,Customer_415,SMB,IT,East,Branch_5,50000,Active
416,Customer_416,Enterprise,Manufacturing,West,Branch_5,50000,Active
417,Customer_417,VIP,IT,East,Branch_3,200000,Active
418,Customer_418,Enterprise,Retail,North,Branch_4,50000,Active
419,Customer_419,Government,Manufacturing,North,Branch_6,500000,Active
420,Customer_420,Government,Retail,North,Branch_4,200000,Active
421,Customer_421,Enterprise,Retail,East,Branch_10,200000,Active
422,Customer_422,VIP,Manufacturing,North,Branch_1,500000,Active
423,Customer_423,Startup,Manufacturing,East,Branch_6,50000,Active
424,Customer_424,VIP,Finance,East,Branch_5,100000,Active
425,Customer_425,SMB,IT,West,Branch_9,100000,Active
426,Customer_426,VIP,NA,West,Branch_6,50000,Active
427,Customer_427,Startup,NA,West,Branch_2,100000,Active
428,Customer_428,Enterprise,Finance,West,Branch_3,200000,Active
429,Customer_429,VIP,Manufacturing,South,Branch_7,200000,Active
430,Customer_430,VIP,IT,North,Branch_3,500000,Active
431,Customer_431,SMB,Manufacturing,North,Branch_4,200000,Active
432,Customer_432,Startup,Healthcare,West,Branch_6,500000,Active
433,Customer_433,VIP,Healthcare,South,Branch_2,100000,Active
434,Customer_434,Enterprise,Manufacturing,West,Branch_9,200000,Active
435,Customer_435,Enterprise,Retail,West,Branch_2,100000,Active
436,Customer_436,Startup,Healthcare,North,Branch_3,50000,Active
437,Customer_437,Startup,Retail,West,Branch_5,100000,Active
438,Customer_438,VIP,Manufacturing,West,Branch_4,50000,Active
439,Customer_439,Enterprise,IT,South,Branch_4,100000,Active
440,Customer_440,Enterprise,Retail,East,Branch_10,200000,Active
441,Customer_441,Government,Manufacturing,North,Branch_3,50000,Active
442,Customer_442,VIP,Healthcare,West,Branch_7,500000,Active
443,Customer_443,SMB,IT,West,Branch_3,200000,Active
444,Customer_444,VIP,Healthcare,South,Branch_10,100000,Active
445,Customer_445,Startup,Healthcare,West,Branch_7,100000,Active
446,Customer_446,VIP,IT,South,Branch_1,500000,Active
447,Customer_447,VIP,Healthcare,West,Branch_9,200000,Active
448,Customer_448,SMB,IT,North,Branch_1,200000,Active
449,Customer_449,VIP,Manufacturing,West,Branch_4,100000,Active
450,Customer_450,Enterprise,Manufacturing,South,Branch_4,500000,Active
451,Customer_451,VIP,Healthcare,South,Branch_6,200000,Active
452,Customer_452,VIP,Finance,East,Branch_3,100000,Active
453,Customer_453,Enterprise,IT,South,Branch_1,100000,Active
454,Customer_454,VIP,Finance,West,Branch_4,100000,Active
455,Customer_455,SMB,Healthcare,East,Branch_10,100000,Active
456,Customer_456,Startup,Manufacturing,East,Branch_7,50000,Active
457,Customer_457,Government,Healthcare,South,Branch_8,200000,Active
458,Customer_458,VIP,Retail,East,Branch_3,500000,Active
459,Customer_459,Enterprise,Healthcare,East,Branch_10,500000,Active
460,Customer_460,VIP,Finance,East,Branch_4,50000,Active
461,Customer_461,Startup,IT,North,Branch_3,50000,Active
462,Customer_462,Enterprise,Healthcare,East,Branch_6,200000,Active
463,Customer_463,Government,Manufacturing,North,Branch_3,500000,Active
464,Customer_464,Enterprise,IT,East,Branch_8,100000,Active
465,Customer_465,Startup,Retail,North,Branch_5,50000,Active
466,Customer_466,Enterprise,Manufacturing,West,Branch_9,50000,Active
467,Customer_467,Government,Healthcare,West,Branch_3,500000,Active
468,Customer_468,SMB,Retail,East,Branch_7,200000,Active
469,Customer_469,VIP,Healthcare,North,Branch_9,500000,Active
470,Customer_470,Startup,Retail,North,Branch_10,500000,Active
471,Customer_471,Startup,Retail,South,Branch_2,500000,Active
472,Customer_472,Startup,Manufacturing,West,Branch_2,500000,Active
473,Customer_473,Government,Retail,West,Branch_1,200000,Active
474,Customer_474,VIP,IT,South,Branch_1,100000,Active
475,Customer_475,Government,Manufacturing,East,Branch_10,100000,Active
476,Customer_476,Government,Finance,West,Branch_9,500000,Active
477,Customer_477,Government,Finance,West,Branch_1,100000,Active
478,Customer_478,SMB,Manufacturing,West,Branch_4,100000,Active
479,Customer_479,Government,Retail,North,Branch_4,100000,Active
480,Customer_480,VIP,Finance,North,Branch_7,200000,Active
481,Customer_481,VIP,Healthcare,North,Branch_10,500000,Active
482,Customer_482,VIP,Manufacturing,South,Branch_2,50000,Active
483,Customer_483,Startup,Finance,East,Branch_7,200000,Active
484,Customer_484,Startup,IT,West,Branch_7,100000,Active
485,Customer_485,Startup,Finance,West,Branch_4,50000,Active
486,Customer_486,Startup,IT,East,Branch_5,200000,Active
487,Customer_487,SMB,IT,North,Branch_3,200000,Active
488,Customer_488,Government,IT,East,Branch_10,50000,Active
489,Customer_489,VIP,Retail,West,Branch_6,50000,Active
490,Customer_490,VIP,Finance,North,Branch_7,100000,Active
491,Customer_491,SMB,Finance,North,Branch_1,100000,Active
492,Customer_492,Startup,Manufacturing,East,Branch_6,500000,Active
493,Customer_493,SMB,Finance,North,Branch_6,500000,Active
494,Customer_494,Startup,Finance,West,Branch_6,100000,Active
495,Customer_495,Government,Healthcare,North,Branch_1,100000,Active
496,Customer_496,SMB,Finance,South,Branch_4,200000,Active
497,Customer_497,SMB,IT,North,Branch_3,50000,Active
498,Customer_498,Startup,Retail,East,Branch_7,500000,Active
499,Customer_499,VIP,Healthcare,South,Branch_10,500000,Active
500,Customer_500,VIP,Finance,East,Branch_10,200000,Active
501,Customer_501,Startup,Healthcare,West,Branch_6,200000,Active
502,Customer_502,VIP,Healthcare,East,Branch_4,50000,Active
503,Customer_503,Enterprise,Finance,East,Branch_8,200000,Active
504,Customer_504,Enterprise,Healthcare,West,Branch_10,100000,Active
505,Customer_505,Government,Healthcare,South,Branch_6,200000,Active
506,Customer_506,Government,Retail,South,Branch_3,200000,Active
507,Customer_507,Startup,Finance,South,Branch_2,100000,Active
508,Customer_508,Startup,Healthcare,East,Branch_6,200000,Active
509,Customer_509,VIP,Finance,North,Branch_10,50000,Active
510,Customer_510,Government,IT,North,Branch_9,200000,Active
511,Customer_511,SMB,IT,South,Branch_6,500000,Active
512,Customer_512,SMB,Finance,West,Branch_2,500000,Active
513,Customer_513,Enterprise,Healthcare,South,Branch_1,500000,Active
514,Customer_514,SMB,Healthcare,South,Branch_8,50000,Active
515,Customer_515,Government,Retail,West,Branch_7,50000,Active
516,Customer_516,Startup,Manufacturing,East,Branch_9,100000,Active
517,Customer_517,Startup,Manufacturing,South,Branch_5,100000,Active
518,Customer_518,Enterprise,Manufacturing,East,Branch_5,200000,Active
519,Customer_519,SMB,IT,East,Branch_6,500000,Active
520,Customer_520,Government,Healthcare,South,Branch_1,100000,Active
521,Customer_521,Enterprise,Retail,South,Branch_10,100000,Active
522,Customer_522,Startup,Manufacturing,North,Branch_9,50000,Active
523,Customer_523,Enterprise,Finance,North,Branch_1,50000,Active
524,Customer_524,Government,IT,North,Branch_3,100000,Active
525,Customer_525,Startup,Manufacturing,North,Branch_10,100000,Active
526,Customer_526,VIP,IT,North,Branch_2,200000,Active
527,Customer_527,SMB,Manufacturing,West,Branch_5,100000,Active
528,Customer_528,VIP,Healthcare,East,Branch_8,100000,Active
529,Customer_529,Enterprise,IT,North,Branch_2,500000,Active
530,Customer_530,Enterprise,Retail,North,Branch_5,100000,Active
531,Customer_531,Enterprise,IT,East,Branch_2,100000,Active
532,Customer_532,Startup,Manufacturing,East,Branch_7,50000,Active
533,Customer_533,SMB,Manufacturing,West,Branch_3,200000,Active
534,Customer_534,Enterprise,Healthcare,East,Branch_6,200000,Active
535,Customer_535,Startup,Retail,West,Branch_7,500000,Active
536,Customer_536,Enterprise,IT,South,Branch_3,50000,Active
537,Customer_537,Government,IT,West,Branch_3,500000,Active
538,Customer_538,Government,Healthcare,South,Branch_2,500000,Active
539,Customer_539,Enterprise,IT,East,Branch_9,100000,Active
540,Customer_540,SMB,Healthcare,North,Branch_8,200000,Active
541,Customer_541,SMB,IT,North,Branch_9,500000,Active
542,Customer_542,Startup,IT,North,Branch_4,200000,Active
543,Customer_543,Government,Healthcare,South,Branch_7,100000,Active
544,Customer_544,Government,Manufacturing,West,Branch_8,200000,Active
545,Customer_545,Government,Manufacturing,North,Branch_1,50000,Active
546,Customer_546,VIP,Manufacturing,East,Branch_4,500000,Active
547,Customer_547,Government,Healthcare,North,Branch_6,500000,Active
548,Customer_548,SMB,Healthcare,North,Branch_1,200000,Active
549,Customer_549,Startup,Healthcare,East,Branch_2,50000,Active
550,Customer_550,VIP,Retail,West,Branch_4,100000,Active
551,Customer_551,SMB,Manufacturing,West,Branch_6,50000,Active
552,Customer_552,Government,IT,North,Branch_8,100000,Active
553,Customer_553,Government,NA,North,Branch_10,500000,Active
554,Customer_554,SMB,Finance,South,Branch_3,50000,Active
555,Customer_555,Government,IT,East,Branch_7,100000,Active
556,Customer_556,Government,Healthcare,East,Branch_3,100000,Active
557,Customer_557,VIP,IT,East,Branch_6,100000,Active
558,Customer_558,SMB,Retail,East,Branch_3,200000,Active
559,Customer_559,Government,Manufacturing,West,Branch_9,200000,Active
560,Customer_560,SMB,IT,North,Branch_1,50000,Active
561,Customer_561,Startup,Retail,South,Branch_3,50000,Active
562,Customer_562,Government,Healthcare,North,Branch_2,100000,Active
563,Customer_563,Enterprise,Finance,East,Branch_7,500000,Active
564,Customer_564,Enterprise,IT,East,Branch_1,200000,Active
565,Customer_565,Startup,Retail,West,Branch_10,100000,Active
566,Customer_566,Enterprise,Retail,South,Branch_3,100000,Active
567,Customer_567,VIP,Finance,North,Branch_5,100000,Active
568,Customer_568,Government,Retail,West,Branch_3,50000,Active
569,Customer_569,VIP,Retail,North,Branch_5,500000,Active
570,Customer_570,Startup,Finance,North,Branch_9,100000,Active
571,Customer_571,VIP,Retail,South,Branch_7,50000,Active
572,Customer_572,Startup,Healthcare,South,Branch_6,200000,Active
573,Customer_573,Enterprise,Retail,West,Branch_2,200000,Active
574,Customer_574,Startup,IT,South,Branch_7,50000,Active
575,Customer_575,VIP,IT,East,Branch_6,500000,Active
576,Customer_576,Enterprise,IT,South,Branch_2,100000,Active
577,Customer_577,SMB,Finance,North,Branch_7,50000,Active
578,Customer_578,Enterprise,Retail,West,Branch_3,50000,Active
579,Customer_579,Enterprise,IT,North,Branch_3,200000,Active
580,Customer_580,Government,Finance,South,Branch_7,500000,Active
581,Customer_581,Enterprise,IT,North,Branch_9,50000,Active
582,Customer_582,Enterprise,Finance,North,Branch_6,50000,Active
583,Customer_583,Startup,Healthcare,East,Branch_8,500000,Active
584,Customer_584,VIP,IT,North,Branch_4,100000,Active
585,Customer_585,SMB,IT,East,Branch_5,200000,Active
586,Customer_586,Enterprise,Manufacturing,South,Branch_10,500000,Active
587,Customer_587,Startup,Finance,North,Branch_4,500000,Active
588,Customer_588,Startup,Finance,South,Branch_4,50000,Active
589,Customer_589,VIP,Retail,North,Branch_8,50000,Active
590,Customer_590,VIP,Healthcare,East,Branch_8,200000,Active
591,Customer_591,VIP,Healthcare,South,Branch_2,100000,Active
592,Customer_592,Startup,Healthcare,East,Branch_10,100000,Active
593,Customer_593,SMB,Finance,East,Branch_1,200000,Active
594,Customer_594,Startup,Retail,West,Branch_3,200000,Active
595,Customer_595,Government,IT,East,Branch_9,50000,Active
596,Customer_596,SMB,Retail,North,Branch_9,100000,Active
597,Customer_597,Enterprise,Healthcare,North,Branch_9,50000,Active
598,Customer_598,VIP,Finance,South,Branch_5,500000,Active
599,Customer_599,VIP,Retail,South,Branch_5,100000,Active
600,Customer_600,VIP,IT,North,Branch_1,100000,Active
601,Customer_601,SMB,Finance,South,Branch_10,100000,Active
602,Customer_602,Government,IT,North,Branch_4,50000,Active
603,Customer_603,VIP,Healthcare,North,Branch_6,500000,Active
604,Customer_604,Startup,IT,North,Branch_2,200000,Active
605,Customer_605,Government,Healthcare,South,Branch_6,50000,Active
606,Customer_606,Startup,Finance,South,Branch_6,500000,Active
607,Customer_607,SMB,IT,North,Branch_8,100000,Active
608,Customer_608,SMB,Retail,East,Branch_3,200000,Active
609,Customer_609,Government,Finance,North,Branch_6,50000,Active
610,Customer_610,SMB,IT,West,Branch_7,50000,Active
611,Customer_611,VIP,Retail,South,Branch_1,100000,Active
612,Customer_612,Government,Manufacturing,South,Branch_10,50000,Active
613,Customer_613,Government,Healthcare,South,Branch_8,100000,Active
614,Customer_614,SMB,Retail,South,Branch_10,200000,Active
615,Customer_615,VIP,Retail,East,Branch_10,50000,Active
616,Customer_616,SMB,Retail,South,Branch_9,500000,Active
617,Customer_617,VIP,Retail,South,Branch_10,50000,Active
618,Customer_618,SMB,Finance,North,Branch_10,50000,Active
619,Customer_619,VIP,IT,East,Branch_7,100000,Active
620,Customer_620,VIP,IT,West,Branch_2,500000,Active
621,Customer_621,Enterprise,Retail,South,Branch_5,500000,Active
622,Customer_622,Enterprise,Healthcare,North,Branch_9,50000,Active
623,Customer_623,Enterprise,IT,East,Branch_3,500000,Active
624,Customer_624,VIP,Finance,West,Branch_5,500000,Active
625,Customer_625,VIP,Retail,West,Branch_9,500000,Active
626,Customer_626,Government,Healthcare,East,Branch_3,50000,Active
627,Customer_627,VIP,Retail,South,Branch_7,200000,Active
628,Customer_628,Enterprise,Finance,North,Branch_2,100000,Active
629,Customer_629,Startup,IT,West,Branch_4,200000,Active
630,Customer_630,Government,Manufacturing,West,Branch_10,200000,Active
631,Customer_631,Government,Finance,South,Branch_1,100000,Active
632,Customer_632,VIP,Finance,North,Branch_9,100000,Active
633,Customer_633,Enterprise,Finance,North,Branch_3,50000,Active
634,Customer_634,Government,Healthcare,East,Branch_10,100000,Active
635,Customer_635,VIP,NA,North,Branch_5,200000,Active
636,Customer_636,SMB,Healthcare,East,Branch_8,500000,Active
637,Customer_637,Enterprise,NA,South,Branch_9,50000,Active
638,Customer_638,Startup,Finance,North,Branch_9,200000,Active
639,Customer_639,Startup,IT,West,Branch_8,500000,Active
640,Customer_640,Enterprise,Finance,West,Branch_7,100000,Active
641,Customer_641,VIP,Retail,West,Branch_9,50000,Active
642,Customer_642,Startup,Healthcare,North,Branch_2,100000,Active
643,Customer_643,Startup,IT,South,Branch_3,100000,Active
644,Customer_644,Startup,IT,South,Branch_4,100000,Active
645,Customer_645,Enterprise,Retail,East,Branch_2,50000,Active
646,Customer_646,Startup,IT,North,Branch_10,200000,Active
647,Customer_647,VIP,IT,East,Branch_5,500000,Active
648,Customer_648,Government,Retail,South,Branch_8,50000,Active
649,Customer_649,Enterprise,Finance,South,Branch_9,500000,Active
650,Customer_650,Government,Healthcare,North,Branch_10,50000,Active
651,Customer_651,Startup,Healthcare,East,Branch_4,200000,Active
652,Customer_652,Government,IT,East,Branch_7,100000,Active
653,Customer_653,Government,IT,East,Branch_5,500000,Active
654,Customer_654,Startup,Retail,South,Branch_4,500000,Active
655,Customer_655,Enterprise,IT,South,Branch_3,500000,Active
656,Customer_656,Startup,IT,East,Branch_5,50000,Active
657,Customer_657,Startup,IT,South,Branch_8,50000,Active
658,Customer_658,VIP,IT,East,Branch_9,200000,Active
659,Customer_659,VIP,NA,North,Branch_4,100000,Active
660,Customer_660,Government,Healthcare,West,Branch_2,500000,Active
661,Customer_661,Startup,Finance,South,Branch_7,500000,Active
662,Customer_662,Startup,Manufacturing,East,Branch_5,200000,Active
663,Customer_663,Startup,Finance,East,Branch_10,500000,Active
664,Customer_664,SMB,IT,North,Branch_5,50000,Active
665,Customer_665,Government,Retail,North,Branch_9,50000,Active
666,Customer_666,VIP,Manufacturing,North,Branch_3,50000,Active
667,Customer_667,Government,IT,South,Branch_3,100000,Active
668,Customer_668,Startup,Finance,North,Branch_6,500000,Active
669,Customer_669,SMB,IT,East,Branch_9,100000,Active
670,Customer_670,VIP,Finance,West,Branch_5,200000,Active
671,Customer_671,Startup,IT,North,Branch_7,200000,Active
672,Customer_672,SMB,Retail,North,Branch_6,200000,Active
673,Customer_673,Government,IT,West,Branch_5,50000,Active
674,Customer_674,VIP,IT,South,Branch_6,100000,Active
675,Customer_675,SMB,IT,West,Branch_7,500000,Active
676,Customer_676,VIP,Retail,West,Branch_10,200000,Active
677,Customer_677,Enterprise,Healthcare,East,Branch_3,100000,Active
678,Customer_678,Startup,Healthcare,West,Branch_10,500000,Active
679,Customer_679,VIP,Retail,South,Branch_1,100000,Active
680,Customer_680,Enterprise,Manufacturing,South,Branch_4,50000,Active
681,Customer_681,Startup,NA,South,Branch_8,200000,Active
682,Customer_682,SMB,IT,North,Branch_1,200000,Active
683,Customer_683,Startup,IT,West,Branch_7,50000,Active
684,Customer_684,Government,Manufacturing,South,Branch_4,50000,Active
685,Customer_685,SMB,Retail,North,Branch_8,500000,Active
686,Customer_686,Enterprise,Healthcare,South,Branch_9,50000,Active
687,Customer_687,Enterprise,Healthcare,East,Branch_4,50000,Active
688,Customer_688,Startup,Retail,East,Branch_10,50000,Active
689,Customer_689,VIP,IT,North,Branch_8,100000,Active
690,Customer_690,Enterprise,Healthcare,South,Branch_10,200000,Active
691,Customer_691,Enterprise,Manufacturing,South,Branch_3,500000,Active
692,Customer_692,Government,Retail,East,Branch_4,50000,Active
693,Customer_693,Enterprise,IT,South,Branch_8,500000,Active
694,Customer_694,SMB,Finance,West,Branch_9,200000,Active
695,Customer_695,VIP,Healthcare,East,Branch_9,100000,Active
696,Customer_696,Startup,Manufacturing,West,Branch_9,200000,Active
697,Customer_697,Enterprise,NA,West,Branch_10,200000,Active
698,Customer_698,VIP,Finance,North,Branch_7,100000,Active
699,Customer_699,Startup,Finance,South,Branch_7,200000,Active
700,Customer_700,SMB,Manufacturing,North,Branch_3,50000,Active
701,Customer_701,VIP,Retail,South,Branch_7,500000,Active
702,Customer_702,SMB,Finance,East,Branch_10,50000,Active
703,Customer_703,Enterprise,Manufacturing,South,Branch_8,50000,Active
704,Customer_704,Enterprise,Healthcare,West,Branch_10,200000,Active
705,Customer_705,Enterprise,Finance,North,Branch_4,50000,Active
706,Customer_706,VIP,Manufacturing,West,Branch_4,100000,Active
707,Customer_707,VIP,Finance,West,Branch_6,500000,Active
708,Customer_708,VIP,IT,South,Branch_7,200000,Active
709,Customer_709,Startup,Retail,West,Branch_9,200000,Active
710,Customer_710,Startup,Healthcare,West,Branch_10,100000,Active
711,Customer_711,Startup,Finance,West,Branch_6,500000,Active
712,Customer_712,Startup,IT,North,Branch_10,50000,Active
713,Customer_713,SMB,Finance,West,Branch_4,200000,Active
714,Customer_714,VIP,Manufacturing,East,Branch_9,100000,Active
715,Customer_715,Startup,Manufacturing,East,Branch_6,100000,Active
716,Customer_716,Government,Retail,East,Branch_10,100000,Active
717,Customer_717,VIP,Manufacturing,West,Branch_2,200000,Active
718,Customer_718,Enterprise,Manufacturing,West,Branch_6,200000,Active
719,Customer_719,SMB,IT,North,Branch_10,50000,Active
720,Customer_720,VIP,IT,North,Branch_3,200000,Active
721,Customer_721,Government,Finance,South,Branch_8,50000,Active
722,Customer_722,Startup,Retail,West,Branch_2,500000,Active
723,Customer_723,Government,Finance,West,Branch_9,500000,Active
724,Customer_724,Government,Retail,West,Branch_7,100000,Active
725,Customer_725,Startup,Finance,South,Branch_7,200000,Active
726,Customer_726,Startup,Finance,West,Branch_4,200000,Active
727,Customer_727,SMB,Healthcare,North,Branch_6,500000,Active
728,Customer_728,SMB,Finance,North,Branch_4,200000,Active
729,Customer_729,Enterprise,Retail,North,Branch_4,100000,Active
730,Customer_730,Government,NA,North,Branch_1,200000,Active
731,Customer_731,VIP,Retail,South,Branch_5,500000,Active
732,Customer_732,Enterprise,Finance,South,Branch_7,50000,Active
733,Customer_733,VIP,Healthcare,East,Branch_5,50000,Active
734,Customer_734,Startup,IT,North,Branch_6,50000,Active
735,Customer_735,Government,Manufacturing,West,Branch_9,50000,Active
736,Customer_736,VIP,Healthcare,North,Branch_8,50000,Active
737,Customer_737,Government,Manufacturing,East,Branch_3,50000,Active
738,Customer_738,SMB,Healthcare,East,Branch_9,200000,Active
739,Customer_739,Enterprise,Manufacturing,West,Branch_9,200000,Active
740,Customer_740,Enterprise,Retail,West,Branch_7,100000,Active
741,Customer_741,Startup,IT,South,Branch_10,200000,Active
742,Customer_742,VIP,IT,South,Branch_9,100000,Active
743,Customer_743,SMB,Retail,South,Branch_10,100000,Active
744,Customer_744,SMB,Healthcare,North,Branch_1,200000,Active
745,Customer_745,Startup,IT,East,Branch_3,100000,Active
746,Customer_746,VIP,Manufacturing,North,Branch_10,200000,Active
747,Customer_747,SMB,Finance,South,Branch_1,200000,Active
748,Customer_748,VIP,Manufacturing,West,Branch_8,200000,Active
749,Customer_749,SMB,Retail,West,Branch_4,100000,Active
750,Customer_750,Government,Manufacturing,North,Branch_4,100000,Active
751,Customer_751,Government,Retail,West,Branch_6,500000,Active
752,Customer_752,Government,Retail,North,Branch_6,500000,Active
753,Customer_753,Government,Finance,North,Branch_8,50000,Active
754,Customer_754,Enterprise,Retail,West,Branch_9,500000,Active
755,Customer_755,Government,Finance,North,Branch_7,200000,Active
756,Customer_756,Enterprise,Healthcare,West,Branch_9,100000,Active
757,Customer_757,VIP,IT,West,Branch_2,100000,Active
758,Customer_758,Startup,Finance,South,Branch_8,50000,Active
759,Customer_759,Enterprise,Retail,South,Branch_5,200000,Active
760,Customer_760,Government,Retail,North,Branch_6,50000,Active
761,Customer_761,Government,Finance,South,Branch_1,100000,Active
762,Customer_762,SMB,Healthcare,South,Branch_3,50000,Active
763,Customer_763,SMB,IT,West,Branch_2,100000,Active
764,Customer_764,Government,NA,East,Branch_8,50000,Active
765,Customer_765,Government,Finance,South,Branch_8,500000,Active
766,Customer_766,VIP,IT,North,Branch_5,100000,Active
767,Customer_767,Enterprise,Manufacturing,North,Branch_3,50000,Active
768,Customer_768,Enterprise,Finance,East,Branch_1,50000,Active
769,Customer_769,VIP,IT,South,Branch_10,100000,Active
770,Customer_770,Enterprise,IT,East,Branch_5,200000,Active
771,Customer_771,VIP,Healthcare,North,Branch_2,200000,Active
772,Customer_772,Government,IT,East,Branch_9,100000,Active
773,Customer_773,VIP,Retail,North,Branch_2,500000,Active
774,Customer_774,Startup,Finance,East,Branch_5,200000,Active
775,Customer_775,Government,Retail,West,Branch_8,100000,Active
776,Customer_776,Enterprise,Finance,East,Branch_2,50000,Active
777,Customer_777,SMB,IT,North,Branch_10,500000,Active
778,Customer_778,SMB,IT,East,Branch_1,100000,Active
779,Customer_779,VIP,Healthcare,North,Branch_9,200000,Active
780,Customer_780,VIP,Manufacturing,East,Branch_10,50000,Active
781,Customer_781,Government,Retail,East,Branch_8,50000,Active
782,Customer_782,VIP,Retail,West,Branch_6,500000,Active
783,Customer_783,Startup,IT,North,Branch_10,200000,Active
784,Customer_784,Startup,Finance,South,Branch_6,50000,Active
785,Customer_785,Government,Retail,North,Branch_9,100000,Active
786,Customer_786,Startup,Finance,South,Branch_6,50000,Active
787,Customer_787,Startup,Healthcare,West,Branch_8,200000,Active
788,Customer_788,Enterprise,Retail,South,Branch_4,50000,Active
789,Customer_789,SMB,IT,West,Branch_4,200000,Active
790,Customer_790,SMB,IT,East,Branch_2,100000,Active
791,Customer_791,VIP,Retail,West,Branch_2,50000,Active
792,Customer_792,Enterprise,Healthcare,North,Branch_2,200000,Active
793,Customer_793,SMB,Manufacturing,East,Branch_6,100000,Active
794,Customer_794,Enterprise,Retail,East,Branch_5,100000,Active
795,Customer_795,VIP,Retail,North,Branch_9,50000,Active
796,Customer_796,Startup,Retail,East,Branch_10,100000,Active
797,Customer_797,Enterprise,Retail,East,Branch_3,50000,Active
798,Customer_798,Enterprise,IT,North,Branch_2,500000,Active
799,Customer_799,Startup,IT,West,Branch_6,100000,Active
800,Customer_800,Enterprise,Finance,West,Branch_8,50000,Active
801,Customer_801,SMB,IT,West,Branch_3,200000,Active
802,Customer_802,Startup,Healthcare,East,Branch_8,500000,Active
803,Customer_803,Government,Manufacturing,North,Branch_3,200000,Active
804,Customer_804,Government,Healthcare,South,Branch_2,200000,Active
805,Customer_805,Government,Finance,East,Branch_10,500000,Active
806,Customer_806,Government,Retail,South,Branch_2,200000,Active
807,Customer_807,Government,Retail,West,Branch_10,200000,Active
808,Customer_808,Enterprise,Finance,South,Branch_10,500000,Active
809,Customer_809,Enterprise,Manufacturing,West,Branch_8,100000,Active
810,Customer_810,VIP,Healthcare,North,Branch_7,200000,Active
811,Customer_811,SMB,IT,North,Branch_10,50000,Active
812,Customer_812,Government,Retail,West,Branch_10,500000,Active
813,Customer_813,Startup,Retail,East,Branch_7,200000,Active
814,Customer_814,Startup,Manufacturing,West,Branch_1,200000,Active
815,Customer_815,Startup,Finance,North,Branch_2,200000,Active
816,Customer_816,Government,Manufacturing,West,Branch_7,500000,Active
817,Customer_817,SMB,IT,South,Branch_9,500000,Active
818,Customer_818,SMB,Healthcare,South,Branch_3,50000,Active
819,Customer_819,Government,Manufacturing,South,Branch_7,100000,Active
820,Customer_820,VIP,Manufacturing,West,Branch_7,100000,Active
821,Customer_821,SMB,IT,West,Branch_3,500000,Active
822,Customer_822,SMB,NA,West,Branch_9,200000,Active
823,Customer_823,Enterprise,IT,East,Branch_10,500000,Active
824,Customer_824,Enterprise,Healthcare,West,Branch_3,200000,Active
825,Customer_825,Enterprise,IT,North,Branch_9,200000,Active
826,Customer_826,Enterprise,Finance,East,Branch_8,500000,Active
827,Customer_827,Startup,Finance,East,Branch_5,100000,Active
828,Customer_828,VIP,Manufacturing,East,Branch_5,50000,Active
829,Customer_829,Startup,IT,North,Branch_10,50000,Active
830,Customer_830,Startup,Healthcare,South,Branch_5,100000,Active
831,Customer_831,Enterprise,Finance,East,Branch_10,100000,Active
832,Customer_832,SMB,Finance,West,Branch_5,100000,Active
833,Customer_833,Enterprise,IT,North,Branch_3,100000,Active
834,Customer_834,SMB,IT,West,Branch_8,100000,Active
835,Customer_835,Startup,Retail,East,Branch_2,50000,Active
836,Customer_836,VIP,Retail,West,Branch_4,500000,Active
837,Customer_837,Government,IT,South,Branch_1,200000,Active
838,Customer_838,Enterprise,IT,East,Branch_2,200000,Active
839,Customer_839,Startup,IT,East,Branch_2,200000,Active
840,Customer_840,VIP,Finance,South,Branch_4,200000,Active
841,Customer_841,Enterprise,Retail,North,Branch_1,500000,Active
842,Customer_842,Startup,Manufacturing,West,Branch_5,100000,Active
843,Customer_843,VIP,Manufacturing,North,Branch_4,50000,Active
844,Customer_844,VIP,Manufacturing,South,Branch_3,50000,Active
845,Customer_845,Enterprise,Retail,West,Branch_8,200000,Active
846,Customer_846,Enterprise,IT,East,Branch_5,50000,Active
847,Customer_847,Startup,IT,North,Branch_3,500000,Active
848,Customer_848,SMB,Manufacturing,South,Branch_8,50000,Active
849,Customer_849,Enterprise,Retail,West,Branch_8,200000,Active
850,Customer_850,Startup,Manufacturing,North,Branch_8,50000,Active
851,Customer_851,Government,IT,North,Branch_5,100000,Active
852,Customer_852,Government,Healthcare,North,Branch_8,500000,Active
853,Customer_853,Enterprise,IT,North,Branch_7,500000,Active
854,Customer_854,Startup,Manufacturing,East,Branch_7,50000,Active
855,Customer_855,Government,Manufacturing,East,Branch_5,100000,Active
856,Customer_856,Startup,Retail,West,Branch_7,50000,Active
857,Customer_857,SMB,Healthcare,West,Branch_1,100000,Active
858,Customer_858,Enterprise,Manufacturing,South,Branch_9,200000,Active
859,Customer_859,Enterprise,IT,West,Branch_1,200000,Active
860,Customer_860,SMB,Manufacturing,North,Branch_9,500000,Active
861,Customer_861,Enterprise,Finance,South,Branch_3,500000,Active
862,Customer_862,SMB,Manufacturing,North,Branch_1,100000,Active
863,Customer_863,SMB,Manufacturing,North,Branch_10,50000,Active
864,Customer_864,SMB,Manufacturing,South,Branch_7,200000,Active
865,Customer_865,SMB,IT,South,Branch_1,100000,Active
866,Customer_866,Government,Healthcare,East,Branch_3,200000,Active
867,Customer_867,Enterprise,Finance,South,Branch_3,50000,Active
868,Customer_868,Government,Finance,South,Branch_2,50000,Active
869,Customer_869,VIP,Manufacturing,North,Branch_5,500000,Active
870,Customer_870,Startup,IT,South,Branch_9,500000,Active
871,Customer_871,Enterprise,IT,South,Branch_10,100000,Active
872,Customer_872,Startup,IT,North,Branch_6,500000,Active
873,Customer_873,VIP,Manufacturing,South,Branch_2,200000,Active
874,Customer_874,SMB,Finance,West,Branch_5,50000,Active
875,Customer_875,Government,Retail,South,Branch_8,100000,Active
876,Customer_876,Startup,Retail,North,Branch_5,100000,Active
877,Customer_877,Enterprise,IT,West,Branch_9,100000,Active
878,Customer_878,Enterprise,Retail,West,Branch_4,500000,Active
879,Customer_879,Startup,Finance,West,Branch_4,50000,Active
880,Customer_880,SMB,Healthcare,South,Branch_7,100000,Active
881,Customer_881,Government,Manufacturing,West,Branch_3,100000,Active
882,Customer_882,Government,Finance,West,Branch_4,200000,Active
883,Customer_883,VIP,Healthcare,South,Branch_1,200000,Active
884,Customer_884,SMB,Retail,West,Branch_6,100000,Active
885,Customer_885,VIP,Healthcare,South,Branch_4,50000,Active
886,Customer_886,SMB,IT,West,Branch_10,500000,Active
887,Customer_887,SMB,IT,West,Branch_4,200000,Active
888,Customer_888,Enterprise,IT,South,Branch_7,50000,Active
889,Customer_889,Government,Manufacturing,North,Branch_8,50000,Active
890,Customer_890,Enterprise,IT,North,Branch_7,100000,Active
891,Customer_891,Enterprise,Retail,South,Branch_1,500000,Active
892,Customer_892,VIP,Healthcare,West,Branch_1,500000,Active
893,Customer_893,Startup,IT,West,Branch_8,50000,Active
894,Customer_894,Startup,Manufacturing,East,Branch_7,200000,Active
895,Customer_895,Enterprise,Finance,South,Branch_10,200000,Active
896,Customer_896,Enterprise,Manufacturing,East,Branch_7,200000,Active
897,Customer_897,VIP,IT,East,Branch_2,100000,Active
898,Customer_898,Government,Retail,South,Branch_10,100000,Active
899,Customer_899,Government,Retail,East,Branch_5,50000,Active
900,Customer_900,VIP,Manufacturing,West,Branch_2,500000,Active
901,Customer_901,Startup,Finance,East,Branch_2,100000,Active
902,Customer_902,Startup,IT,West,Branch_2,50000,Active
903,Customer_903,SMB,Retail,South,Branch_9,50000,Active
904,Customer_904,Government,Healthcare,South,Branch_8,50000,Active
905,Customer_905,SMB,Healthcare,North,Branch_9,200000,Active
906,Customer_906,VIP,IT,East,Branch_9,500000,Active
907,Customer_907,Startup,IT,South,Branch_3,200000,Active
908,Customer_908,Enterprise,Retail,East,Branch_3,200000,Active
909,Customer_909,SMB,Healthcare,South,Branch_9,200000,Active
910,Customer_910,Enterprise,Retail,South,Branch_1,200000,Active
911,Customer_911,SMB,Finance,East,Branch_9,50000,Active
912,Customer_912,VIP,Healthcare,South,Branch_3,200000,Active
913,Customer_913,SMB,Manufacturing,West,Branch_8,200000,Active
914,Customer_914,Startup,NA,East,Branch_8,200000,Active
915,Customer_915,Enterprise,Finance,West,Branch_8,50000,Active
916,Customer_916,Government,Retail,North,Branch_10,100000,Active
917,Customer_917,SMB,IT,East,Branch_10,100000,Active
918,Customer_918,Government,Healthcare,North,Branch_2,500000,Active
919,Customer_919,Startup,Retail,North,Branch_7,100000,Active
920,Customer_920,Startup,IT,East,Branch_6,200000,Active
921,Customer_921,Government,IT,North,Branch_7,500000,Active
922,Customer_922,Government,Healthcare,West,Branch_3,50000,Active
923,Customer_923,VIP,Retail,West,Branch_6,50000,Active
924,Customer_924,Startup,Finance,West,Branch_7,100000,Active
925,Customer_925,Government,Finance,South,Branch_5,500000,Active
926,Customer_926,Startup,Manufacturing,East,Branch_8,500000,Active
927,Customer_927,Startup,Retail,North,Branch_8,50000,Active
928,Customer_928,SMB,Healthcare,West,Branch_1,50000,Active
929,Customer_929,Startup,Healthcare,North,Branch_10,500000,Active
930,Customer_930,Government,Finance,East,Branch_2,200000,Active
931,Customer_931,SMB,Finance,North,Branch_10,50000,Active
932,Customer_932,Enterprise,Retail,South,Branch_5,200000,Active
933,Customer_933,Startup,IT,East,Branch_9,50000,Active
934,Customer_934,VIP,Finance,South,Branch_3,200000,Active
935,Customer_935,Startup,Healthcare,East,Branch_2,200000,Active
936,Customer_936,Government,NA,East,Branch_7,200000,Active
937,Customer_937,SMB,Retail,South,Branch_9,50000,Active
938,Customer_938,SMB,IT,North,Branch_1,500000,Active
939,Customer_939,Government,Healthcare,East,Branch_10,200000,Active
940,Customer_940,Enterprise,Retail,North,Branch_4,100000,Active
941,Customer_941,SMB,Retail,East,Branch_2,500000,Active
942,Customer_942,Enterprise,Manufacturing,West,Branch_4,50000,Active
943,Customer_943,Startup,Manufacturing,North,Branch_1,50000,Active
944,Customer_944,VIP,Healthcare,North,Branch_4,100000,Active
945,Customer_945,Startup,Retail,North,Branch_10,200000,Active
946,Customer_946,Enterprise,Healthcare,South,Branch_2,50000,Active
947,Customer_947,SMB,Finance,South,Branch_9,50000,Active
948,Customer_948,VIP,Manufacturing,West,Branch_3,500000,Active
949,Customer_949,Government,Manufacturing,East,Branch_4,100000,Active
950,Customer_950,Enterprise,IT,East,Branch_9,100000,Active
951,Customer_951,Enterprise,IT,East,Branch_2,200000,Active
952,Customer_952,Startup,IT,East,Branch_8,100000,Active
953,Customer_953,Enterprise,Finance,West,Branch_8,200000,Active
954,Customer_954,Government,NA,West,Branch_8,50000,Active
955,Customer_955,Enterprise,Manufacturing,West,Branch_3,50000,Active
956,Customer_956,Government,Healthcare,East,Branch_2,100000,Active
957,Customer_957,VIP,IT,East,Branch_10,200000,Active
958,Customer_958,VIP,IT,West,Branch_5,100000,Active
959,Customer_959,SMB,IT,East,Branch_3,50000,Active
960,Customer_960,Enterprise,Manufacturing,North,Branch_3,500000,Active
961,Customer_961,VIP,Finance,South,Branch_2,50000,Active
962,Customer_962,Government,Finance,West,Branch_8,200000,Active
963,Customer_963,Enterprise,Finance,North,Branch_7,50000,Active
964,Customer_964,Enterprise,IT,West,Branch_1,100000,Active
965,Customer_965,SMB,Finance,East,Branch_8,500000,Active
966,Customer_966,Enterprise,Retail,West,Branch_10,500000,Active
967,Customer_967,SMB,Finance,West,Branch_9,50000,Active
968,Customer_968,Startup,IT,West,Branch_5,200000,Active
969,Customer_969,Startup,Manufacturing,North,Branch_6,50000,Active
970,Customer_970,Startup,Healthcare,West,Branch_7,200000,Active
971,Customer_971,Startup,Manufacturing,South,Branch_10,50000,Active
972,Customer_972,Enterprise,Manufacturing,North,Branch_9,200000,Active
973,Customer_973,Government,Manufacturing,West,Branch_5,50000,Active
974,Customer_974,Government,IT,East,Branch_6,50000,Active
975,Customer_975,VIP,IT,South,Branch_6,100000,Active
976,Customer_976,Enterprise,Finance,West,Branch_9,100000,Active
977,Customer_977,Government,Healthcare,East,Branch_4,50000,Active
978,Customer_978,VIP,Finance,East,Branch_9,500000,Active
979,Customer_979,Startup,IT,North,Branch_9,200000,Active
980,Customer_980,Government,IT,East,Branch_5,500000,Active
981,Customer_981,VIP,Finance,North,Branch_3,500000,Active
982,Customer_982,VIP,Retail,West,Branch_10,500000,Active
983,Customer_983,Startup,Finance,North,Branch_8,100000,Active
984,Customer_984,Government,Retail,East,Branch_6,50000,Active
985,Customer_985,SMB,Retail,East,Branch_5,100000,Active
986,Customer_986,SMB,IT,South,Branch_5,500000,Active
987,Customer_987,Enterprise,IT,West,Branch_4,100000,Active
988,Customer_988,Startup,Healthcare,East,Branch_9,100000,Active
989,Customer_989,Enterprise,Manufacturing,West,Branch_2,200000,Active
990,Customer_990,Government,Finance,North,Branch_6,50000,Active
991,Customer_991,VIP,IT,South,Branch_9,50000,Active
992,Customer_992,Enterprise,Finance,East,Branch_4,50000,Active
993,Customer_993,SMB,Healthcare,West,Branch_7,100000,Active
994,Customer_994,Government,Retail,South,Branch_7,200000,Active
995,Customer_995,Enterprise,Finance,East,Branch_6,500000,Active
996,Customer_996,SMB,IT,East,Branch_6,500000,Active
997,Customer_997,VIP,Healthcare,North,Branch_1,50000,Active
998,Customer_998,Startup,Retail,West,Branch_2,100000,Active
999,Customer_999,Startup,IT,West,Branch_5,50000,Active
1000,Customer_1000,Startup,Retail,South,Branch_7,50000,Active
